rotation_deg,Fx,Fy,Fz,Tau_x,Tau_y,Tau_z,Torque_Mag
0,-1.3066282353469791,0.00027802108056472,-0.003140745917252633,0.4743868864328273,-2.316958616047584,-0.5970360366446599,2.439219583298915
1,-1.3072266004920778,-0.023126001701777383,-0.0033641315370672247,0.5138990270416536,-2.3922453775355224,-0.4600430467229338,2.4896927041650243
2,-1.3074248219043851,-0.04653113048557464,-0.003579276758905687,0.5553769045734751,-2.4639280360396967,-0.33074292344608974,2.547307550007599
3,-1.307219573007401,-0.06993224848115057,-0.003785497252111236,0.598850339376945,-2.5319563592441376,-0.20790696268719472,2.610105369371613
4,-1.3066070442235476,-0.09332282117538747,-0.003981968429624444,0.644196385157839,-2.595859649415247,-0.09119947234375526,2.6761527695310026
5,-1.3055800309686152,-0.11669663321559758,-0.004169619770651322,0.691409334091633,-2.655978919012043,0.02005042817670417,2.74457153398768
6,-1.3041378168194004,-0.14004398442422636,-0.004348299154045649,0.7405961222910242,-2.7121839655373106,0.12539489764399514,2.814275814419287
7,-1.3022765564789573,-0.16335634981625058,-0.004516411731056634,0.7913668122223052,-2.7639620704634296,0.22499363233118744,2.8838116951418593
8,-1.299987304696812,-0.18662503916516748,-0.004674852825064813,0.8434878175826915,-2.8115183725952773,0.3186870500986713,2.9525698457025196
9,-1.2972680857237957,-0.20983809190665131,-0.004824393696865168,0.8968022228066668,-2.8550542013108764,0.40566898037390353,3.0199596091490144
10,-1.2941211172714544,-0.232990617511118,-0.004966167518822497,0.9513342053520458,-2.8945685579988347,0.4872916617068682,3.0856145369759496
11,-1.290542338536336,-0.25607534682404826,-0.005101348672596591,1.0069463810419637,-2.9304463186265615,0.5644007332272982,3.149603916100084
12,-1.2865328409492747,-0.2790843545633473,-0.005229889450015207,1.0634296474626093,-2.962609448227796,0.6374261241727616,3.211580517690466
13,-1.2820893464436147,-0.3020080879570283,-0.005352058701992155,1.1208805417762477,-2.991384773985075,0.7063266969231325,3.271643846409431
14,-1.2772145991815806,-0.3248369417316967,-0.005467919273011558,1.1792788876867122,-3.016919124983638,0.7709006951754335,3.329682805231996
15,-1.2719090054080855,-0.347562144800591,-0.005577488250931921,1.2384863325262516,-3.0389116325494654,0.8317923974730526,3.3853671734086324
16,-1.2661735465825041,-0.3701786912019801,-0.005679583985950304,1.2981563396700526,-3.0574203248897986,0.8900719920617193,3.4387871519370763
17,-1.2600086503171448,-0.39267528998903134,-0.005774956145049161,1.3582518397720484,-3.0724888722963106,0.94525138705405,3.4897759405664446
18,-1.2534142985388583,-0.4150406967073681,-0.005863068078055399,1.4186748935034867,-3.0839851611342946,0.9969595650612327,3.5380123377287327
19,-1.2463958555903711,-0.437267044464517,-0.005943942940765786,1.479207666283438,-3.0917789285971473,1.045356227508858,3.583283676420354
20,-1.2389547233191134,-0.4593465573957976,-0.006017423702031272,1.5394054074462886,-3.095955948344343,1.0907608019187827,3.625530494916034
21,-1.231097113286017,-0.48127229971394614,-0.0060812966531658364,1.5990250468549485,-3.096230608985882,1.1332140893296683,3.664382520527275
22,-1.2228232946942,-0.5030348921291923,-0.006136337391326737,1.6580592280964033,-3.092444044585591,1.1729382554458394,3.6997506299556
23,-1.214136611160125,-0.524625832809238,-0.006181818547072333,1.7159503154538434,-3.084510925427996,1.2099883303832886,3.731322137507636
24,-1.2050398967709228,-0.5460366974287425,-0.006219445263155921,1.7726579755514755,-3.073165036214779,1.244234808476327,3.7596249675630364
25,-1.195537332754274,-0.5672616562522992,-0.006248544444311378,1.8281926162404496,-3.0582059368303685,1.27655354317138,3.78477221807654
26,-1.1856277492882616,-0.5882920444194091,-0.0062696476563219245,1.8824804014282865,-3.039911461201086,1.3078528854924554,3.8072658593529116
27,-1.1753173376384232,-0.60911905552528,-0.006283096994948036,1.935384638264584,-3.0182084884418954,1.3374955311652734,3.8267728536745325
28,-1.164608894344459,-0.6297351104313563,-0.006288434518982844,1.9865652248022414,-2.993251441256144,1.3661579535126642,3.8434858054793795
29,-1.1535108735558084,-0.6501323138135038,-0.006284718815266484,2.035522318523278,-2.964947224112789,1.392982681274101,3.856768582804794
30,-1.1420255853964763,-0.6703026696608553,-0.006273994371982981,2.0824849391274554,-2.9338821408589886,1.4187321063476237,3.867455071196764
31,-1.130155894565487,-0.6902373763995576,-0.006256020523064083,2.1271548807362084,-2.899959379713526,1.4434964041942073,3.87533665112464
32,-1.1179106518258752,-0.7099280204854957,-0.006231578569629057,2.1696284434825275,-2.863353065725719,1.4665840551836973,3.8803282274426665
33,-1.1052948015245292,-0.72936490724279,-0.006199783671422893,2.2096342977221366,-2.8240404884254864,1.4870091052472414,3.881866109105859
34,-1.0923122733550874,-0.7485402743327156,-0.006160420956335482,2.2468185979529194,-2.7815850438932666,1.5055972762388337,3.8797206506056106
35,-1.078973993505573,-0.7674497394977021,-0.006112892264056492,2.2807382607684596,-2.7361146198849964,1.5222099887450347,3.873656344736419
36,-1.0652881771143032,-0.786087777606188,-0.006056544620699525,2.3112843238179357,-2.687884211897672,1.5372906688558687,3.863938322831593
37,-1.0512633937541427,-0.8044549836408387,-0.005990891456470697,2.33788058604809,-2.636726948281356,1.5524545423347593,3.8507310657107046
38,-1.0369067679419532,-0.82254550334664,-0.005918193216427698,2.360642176340885,-2.5830975695292784,1.5673780848936512,3.834279410714924
39,-1.0222250240887987,-0.8403534211829587,-0.005838990218309178,2.3794963413835775,-2.527145117935302,1.5821888537572983,3.8146804393967124
40,-1.007227655744513,-0.8578753572482388,-0.0057522850741699985,2.3940552939134694,-2.468948527542992,1.5969150581587257,3.7917469964313155
41,-0.9919237137806167,-0.8751093379291165,-0.005659091428385935,2.4043087217787273,-2.408724199607356,1.611803544295738,3.7657088794541274
42,-0.9763236038206512,-0.8920554269236545,-0.005560208833639782,2.410703997702543,-2.346854921158287,1.6272169358619861,3.73725256597142
43,-0.9604421541575768,-0.9087187621122524,-0.005456401882681468,2.4130642720882487,-2.2834701438331133,1.643829079715756,3.7066547077284064
44,-0.9442883278268759,-0.9250945301295929,-0.005347066537609423,2.411175356858571,-2.2186591664886874,1.6602237112870446,3.6732217289575733
45,-0.9278708309278201,-0.9411813427485587,-0.005230830720568242,2.404883418306587,-2.1524188676988185,1.6763385311192738,3.6368230790879785
46,-0.9112019395484883,-0.9569809311041462,-0.005109169067098938,2.394078415272185,-2.085213512397807,1.6917547440672411,3.5974659087797614
47,-0.8942936941551102,-0.9724942895961984,-0.004983491522509345,2.378921755502409,-2.017564379548793,1.7058779037318483,3.5552572574804397
48,-0.8771560252476241,-0.9877225604827357,-0.004854263101534053,2.359730061402028,-1.9495004357551817,1.7183039589548568,3.5101917906368016
49,-0.8598022201551558,-1.002669884969041,-0.0047219931177436255,2.336955863990024,-1.8813192688923868,1.728080261612394,3.4622227386922266
50,-0.8422380418236296,-1.017332278509527,-0.004588714192790128,2.3108955979696164,-1.8136828054872254,1.7339693956500095,3.4112070662283496
51,-0.824475007044995,-1.0317084838724784,-0.004454083570464385,2.281512575693314,-1.7465474805833543,1.7340821696576598,3.3560048727770675
52,-0.8065177496335197,-1.0458018899463462,-0.004319406829757673,2.249165457919369,-1.6801834792633359,1.7294728467827214,3.2973986881852526
53,-0.7883666599302263,-1.059606249471918,-0.004183711415114516,2.2139147445109777,-1.6144253578700631,1.7201392029907225,3.2352228068191144
54,-0.770023519346876,-1.073113680599873,-0.0040488778416405205,2.176516228943218,-1.5498555077455556,1.7052262008288102,3.169711561914664
55,-0.7514977798133621,-1.0863213071325915,-0.003916180219507112,2.137179141530289,-1.4868513975673723,1.6824169503134367,3.0998045996711077
56,-0.7327888006995661,-1.0992283631949127,-0.003785316033505919,2.0958559282554248,-1.4253563479529252,1.6532298811641035,3.026123234540686
57,-0.7139028689202929,-1.1118368840501165,-0.003657782896597293,2.052652324546578,-1.365878295901745,1.61732087064679,2.9486830761056058
58,-0.6948423706250421,-1.1241426325621402,-0.0035350214246564937,2.008383493553863,-1.30878702812265,1.5747569641506012,2.8681679236583335
59,-0.6756132543618666,-1.1361432939711813,-0.0034177182138618875,1.9633788097898746,-1.254172273178532,1.524290952320636,2.7841097946863127
60,-0.6562184201231162,-1.147832598589583,-0.003306692079045015,1.917952074506867,-1.201979468878722,1.4652896835024707,2.696362115942504
61,-0.6366614631200584,-1.1592080500401982,-0.0032025624042501576,1.8724492987656864,-1.1522270589952606,1.39792640139498,2.6053582854659543
62,-0.6169443380165608,-1.1702667289722817,-0.0031066561117368448,1.8271785486573993,-1.1051257476403196,1.3226842134068322,2.5118475063520447
63,-0.5970643418951728,-1.1810020346094963,-0.0030211612789793224,1.782769058254913,-1.0607973356027731,1.2408642234866374,2.417291981416839
64,-0.5770241081737714,-1.1914099172531853,-0.0029461504713503015,1.7393963429984638,-1.019134434763726,1.1523395215206733,2.3220725671296543
65,-0.5568261553601671,-1.2014883647509584,-0.0028807804232818725,1.6969740532137738,-0.9797839549052808,1.0578915995940206,2.226843544585522
66,-0.5364690123605926,-1.2112290361256695,-0.002826806463850039,1.6561917932084655,-0.9428233426735079,0.9586884053404066,2.1333003937362527
67,-0.5159537278953085,-1.2206236961881118,-0.002783093787598697,1.6166856074293579,-0.9079996053829482,0.8553211714645981,2.0419867636692444
68,-0.4952803876315875,-1.2296671812666975,-0.00274953843117429,1.5785519470707727,-0.8750744495124602,0.7495015047558764,1.9543116556531577
69,-0.47445268324754536,-1.2383566805932469,-0.0027266157724817495,1.5422060717009256,-0.8440592987057229,0.6419886617955999,1.8716263273412517
70,-0.45347115624584294,-1.246683098555902,-0.002713013482231324,1.5074685385162778,-0.814678441867189,0.5338283866297879,1.794752101163644
71,-0.43233870562877524,-1.2546386587813432,-0.0027063841546767506,1.4738159056023636,-0.7866604863232588,0.4256374857648345,1.7239881999703686
72,-0.41106415431308563,-1.2622204606774556,-0.002705694522701963,1.441085553749564,-0.7597466458230673,0.31651748885493813,1.6595559224732754
73,-0.3896475056114042,-1.2694234859005147,-0.0027107489965751573,1.409588635465464,-0.7337234510600406,0.20848639204735145,1.6027341637145465
74,-0.3680945771539317,-1.2762475547513001,-0.002719045042489107,1.378854479804918,-0.7083228361360621,0.10232581545896895,1.553522284738545
75,-0.34641163607170233,-1.282687257116457,-0.0027293759309607035,1.3484383389069723,-0.6834556485317291,-0.00197673781229272,1.511754439330839
76,-0.32460320290267186,-1.2887355496911637,-0.0027390565717857972,1.3174692081426937,-0.6588580668617403,-0.10375062851967505,1.476679809434379
77,-0.30267533766718374,-1.2943911758519895,-0.002746257313247757,1.2857807263999792,-0.6342100869443148,-0.20249393824652673,1.4479151583536107
78,-0.28063520390605146,-1.2996532655868707,-0.0027512378105854604,1.253852944804505,-0.6095129792105692,-0.29830236966689405,1.425705994505865
79,-0.25848993802443965,-1.3045204705674343,-0.0027528975737818673,1.221026854386856,-0.5847424236366106,-0.3909761466284019,1.409146063531624
80,-0.23624615517593922,-1.308987267596045,-0.0027505446120098657,1.1870668822494148,-0.5599254163241798,-0.480629570356464,1.3977299591409607
81,-0.21391039403441198,-1.313048996349225,-0.0027418838621397134,1.1519514490692135,-0.5350072305131791,-0.5665962791058571,1.390775402863685
82,-0.1914876604948934,-1.3167022002484372,-0.0027255355006879927,1.115230506622376,-0.5101758913588401,-0.6483459058723243,1.3872169753453831
83,-0.16898450389054373,-1.319946245076875,-0.002701553989479687,1.0767819472586733,-0.48528926725170635,-0.7255832919288961,1.3861587745919484
84,-0.14640891657492552,-1.3227811009432182,-0.002669767277980302,1.036541604212939,-0.4601263695278329,-0.7982611982856636,1.3868510063765538
85,-0.12376712828876192,-1.3252023877655488,-0.0026289495045881935,0.9941870555666663,-0.43494753653463103,-0.8663661770928764,1.3885883528981464
86,-0.10106954718052676,-1.3272082347801963,-0.0025815805644098014,0.9504306361225153,-0.41018942544761217,-0.9304282207603054,1.3918586252980145
87,-0.07832088716369781,-1.3287984042658516,-0.0025272611165000464,0.9052674659665491,-0.3855579405622006,-0.98932205223027,1.3953215520076996
88,-0.05552518077766563,-1.3299743076779849,-0.002466963478961579,0.8588718069061918,-0.3611753514055473,-1.041375191887192,1.3973441614145434
89,-0.03268860421246518,-1.3307383614380284,-0.0023999514423849824,0.8113439692332463,-0.3373662452726077,-1.0861192753113227,1.397050500183615
90,-0.009820903227379331,-1.3310906235570983,-0.0023272307993808124,0.7625916011147919,-0.31434810017338766,-1.1238714592496375,1.3940759430853649
91,0.013071230257429019,-1.331027743170914,-0.0022488334456102596,0.7122692635757735,-0.29212222280743405,-1.1544816983880555,1.3876205853206776
92,0.035982230728072814,-1.3305552445722035,-0.0021641732312676003,0.6606456161225809,-0.270892450892065,-1.177155773996128,1.376782868249281
93,0.058904039199619396,-1.32967515941018,-0.0020745365670066874,0.6079687798169507,-0.2507084700441738,-1.1930063351755515,1.362257277445418
94,0.08183278630749388,-1.3283798569122278,-0.0019821233429664574,0.5546973636400832,-0.23171690344805815,-1.2004167329998225,1.342528294464881
95,0.10476080482084912,-1.3266628890002283,-0.001887163869131738,0.5010124037899288,-0.21375576624932874,-1.1990041741334212,1.3169343058579528
96,0.12768167290270727,-1.324522724854081,-0.0017885262544137294,0.4462123867085334,-0.19721121891874857,-1.1881907760714132,1.2844434901001802
97,0.1505852388121736,-1.3219598494015978,-0.0016868803328621974,0.390700959266628,-0.18211184915118286,-1.1689574722003178,1.245902699646358
98,0.17346478259798553,-1.3189735222344836,-0.0015833143866570301,0.3345905443754449,-0.16838400086409364,-1.1409915237374646,1.200902019888882
99,0.19631089404001212,-1.3155593201858184,-0.0014805521915922093,0.2785497170339039,-0.15588581608636345,-1.1048727554210047,1.1500583194726182
100,0.21911319111930455,-1.311713761017718,-0.0013773007529683237,0.22230699467465995,-0.14493087511663705,-1.0606784476348394,1.093372821923248
101,0.2418648590099127,-1.3074415621737523,-0.0012729893459942957,0.16622649773899517,-0.13569056063973925,-1.0087399541863755,1.0313095907482048
102,0.2645557953861871,-1.3027376662944607,-0.0011692098756820634,0.11058091267897457,-0.1280527694155439,-0.9495899266418046,0.9645448039274761
103,0.28717630983607734,-1.2976022451073226,-0.0010677006838533366,0.05588636135219723,-0.12201920152635404,-0.8837866111306819,0.8939187574607508
104,0.3097142804913004,-1.292031309608338,-0.0009692927053653683,0.0023683036285273456,-0.11748001767332741,-0.8120146157926451,0.8204723637487611
105,0.33216058198086496,-1.2860241920020241,-0.0008749280545278809,-0.049991875702488434,-0.11447233820940575,-0.734970262960998,0.7455094843718222
106,0.3545050048216048,-1.2795830871951548,-0.0007850510389940215,-0.10135563097426666,-0.11287496887654003,-0.6524721049140487,0.66987578715762
107,0.37673363582432545,-1.2727104890587067,-0.0006982340798415979,-0.15159419993694725,-0.11279111705000652,-0.5665812936023991,0.5972579005756888
108,0.3988362674968799,-1.2654041023520775,-0.0006148105373407843,-0.2005366208649786,-0.11403248450123436,-0.4773787201657956,0.53019693161749
109,0.42080324866787316,-1.2576666077159644,-0.0005345775357856823,-0.24800024388382913,-0.11618717314811311,-0.3850266928102786,0.47249247014847656
110,0.442621276182948,-1.2495037998850318,-0.0004579307725587196,-0.2936608771877048,-0.11944091346869934,-0.2916506957552886,0.4307702066478524
111,0.4642826104100691,-1.2409168741100378,-0.00038418974961485,-0.3377325396256739,-0.12382556210967147,-0.19677347002691253,0.41001931254541624
112,0.4857777500905628,-1.2319079268241029,-0.0003140787370979139,-0.3799192658139902,-0.12914707437960452,-0.10044647208757752,0.413650950817586
113,0.5070970371928321,-1.2224796757684655,-0.0002459063531820939,-0.4206842805037968,-0.1356603820273131,-0.003143198616849928,0.44202814708153904
114,0.5282324881830424,-1.2126373705424178,-0.00018038142541670479,-0.46012239956168793,-0.14325264811465557,0.09541629991789777,0.4912618589513022
115,0.5491728645156051,-1.2023848892001785,-0.00011581968777767701,-0.4983962201901068,-0.1521073824242395,0.19415025013964896,0.5560843170932153
116,0.5699084310255552,-1.1917307243091146,-5.2978838380718723e-05,-0.535118768039392,-0.16154069607142918,0.2918422920303744,0.6305707064340849
117,0.5904318876251586,-1.1806824894718135,6.935267460951735e-06,-0.5698629756164464,-0.1714006285264323,0.38839646655800353,0.7106150868595663
118,0.6107356397243632,-1.1692444613142174,6.406814411519501e-05,-0.6029321475501739,-0.18148201953754123,0.4841342475751405,0.7942599496638595
119,0.6308133394103256,-1.15742556533825,0.00011733038375784702,-0.6340099471240865,-0.19179411579668176,0.5783253137698402,0.8793257442230963
120,0.6506573545696227,-1.1452291802884231,0.0001685648878806057,-0.6633722161836011,-0.20231079743323108,0.6711828285300763,0.9651314652813087
121,0.6702578929085873,-1.1326591459646493,0.0002177000967044454,-0.6911118202234693,-0.21302982894100375,0.7622620428360357,1.0507429171875473
122,0.6896094326524959,-1.1197197430582626,0.00026500035315660595,-0.7175306856958185,-0.22391884745416177,0.8524360175309176,1.136502133365478
123,0.7087086182469992,-1.1064234777180901,0.0003100872367983011,-0.7423220114045244,-0.2350621971538969,0.9420294810648439,1.2221766436738084
124,0.7275499806470784,-1.0927767758998692,0.00035325070217954026,-0.7655795236773846,-0.24620485223636165,1.0309790510173507,1.3075345654993051
125,0.7461273238565101,-1.078785999305385,0.00039495128592903267,-0.7875714097738696,-0.25745481384848606,1.1194641692979634,1.3927497022110393
126,0.7644389663111859,-1.064463056531692,0.00043595039049518783,-0.808507510276201,-0.26885278072363195,1.2077864720405935,1.4780779322891313
127,0.7824818030150735,-1.0498190695442795,0.0004743778589529864,-0.8281448795547187,-0.28046011772191026,1.2956192382909073,1.563045434334779
128,0.8002514898862411,-1.0348582736323848,0.0005114417562312125,-0.8467886894586303,-0.29222948089941364,1.3837088529940542,1.64836262513924
129,0.8177496754210795,-1.0195894169285447,0.0005449327324720992,-0.8635713299405208,-0.30401140410494887,1.4739319051946376,1.7351235220789891
130,0.834972151152509,-1.0040220469410188,0.0005763951675996383,-0.8787381679716746,-0.315610288440683,1.565221049743053,1.8225552273054912
131,0.8519161388859284,-0.9881684660786327,0.0006066766736242324,-0.8925015894530441,-0.3272822926697183,1.6566371498958845,1.9100050870839367
132,0.8685865127580952,-0.9720417218763324,0.0006362151164326929,-0.9050458287628805,-0.3388019688685009,1.749334041811677,1.9985155281136646
133,0.8849814587822074,-0.9556541902758041,0.0006635031471471204,-0.9160830644687739,-0.35016452456909447,1.842049352080642,2.0868562937523785
134,0.9010992051791725,-0.939013119715484,0.0006860475417748964,-0.9250919777005938,-0.3611792701959048,1.9344683292672695,2.174491515127926
135,0.9169384365247497,-0.9221259258557175,0.00070410831371765,-0.9320778692934845,-0.3716861352495633,2.026298679428306,2.2611514933361576
136,0.932501830168176,-0.905000855732844,0.0007169565715218439,-0.9371542450575103,-0.38142534690970453,2.11803121189439,2.347296229463448
137,0.94778865599125,-0.8876463408342725,0.0007237480083426832,-0.9402411831602745,-0.3902830353193775,2.2091584209377095,2.432438130553115
138,0.9628040171867365,-0.8700708847444586,0.0007225623443375006,-0.9408173823435896,-0.3978953061060995,2.3002118892975574,2.5168299023189764
139,0.9775396990950496,-0.8522749072397591,0.0007137982042957516,-0.9390117496529401,-0.40409548900886433,2.390789451844693,2.6001750774275636
140,0.99199510415501,-0.8342665863475722,0.0006966714987756807,-0.9349034390873088,-0.40872118351707903,2.480338924270014,2.682010183709564
141,1.0061677199657122,-0.8160511378252137,0.0006701182047110975,-0.9285411746884448,-0.41160653501559114,2.5683159785757272,2.761857277008849
142,1.0200545903394767,-0.7976292355925902,0.0006320151371728638,-0.9196001393437552,-0.4123015856366038,2.655911048313138,2.84069014683955
143,1.0336524156851943,-0.7790054368923278,0.0005835539350798517,-0.9083764718409015,-0.41083147389501534,2.742261037999293,2.917863244750486
144,1.04695801851802,-0.7601869136141035,0.0005221226326126298,-0.894629406719492,-0.40674635915906027,2.826180679225018,2.9921733919813547
145,1.0599678920726365,-0.7411791454681398,0.00044704693870077893,-0.8785030502859732,-0.39982965619244815,2.90717380683623,3.0632157786364624
146,1.0726825652765504,-0.7219896283520578,0.00035538090336605815,-0.8595929918438808,-0.38931362212503706,2.984864368788659,3.1304760832920207
147,1.085096449328503,-0.7026195687149945,0.0002477288149172789,-0.8382746250729155,-0.37511208100438814,3.059298113150845,3.1941694328079877
148,1.0972057213720292,-0.6830736898618516,0.00012323082631456926,-0.8146944971184575,-0.35706924239309124,3.1301865037406857,3.2541194071051867
149,1.1090060776875408,-0.6633604819140413,-1.8762254404498645e-05,-0.7892435205547618,-0.3350322823845205,3.195707445749232,3.308730578907043
150,1.1204948225341946,-0.6434826773113347,-0.0001778768202279993,-0.7619371708098058,-0.308676312197633,3.2563249886349803,3.35849397045494
151,1.1316683681268016,-0.6234469067694481,-0.00035418061927029867,-0.7329123275485294,-0.2777188300975453,3.310434326766862,3.4019499791001806
152,1.142526439241302,-0.6032633376128911,-0.0005464089788498388,-0.7024649733510288,-0.24239716113740636,3.3564578168196926,3.437735082667446
153,1.1530682122015299,-0.5829382118377258,-0.0007541524213451406,-0.6710364611349273,-0.20290206821644197,3.393800425092044,3.4654495389218893
154,1.1632908685010532,-0.5624799858519886,-0.000976871138152279,-0.6387424864979075,-0.15908832131677106,3.4208964443883487,3.4836523278401024
155,1.1731929783869623,-0.5418944461453623,-0.0012116802157241355,-0.6060654610331138,-0.11165602225164599,3.4372096258103157,3.492018387999329
156,1.1827751362734555,-0.5211879376119868,-0.0014590332053739932,-0.5730938409691165,-0.06049987747127773,3.4419896286216938,3.4898981918202256
157,1.1920297366263435,-0.5003630352877569,-0.0017175094727584004,-0.5400670571231257,-0.006123713165152137,3.4346553061277794,3.4768616593077546
158,1.2009549209001347,-0.47942258313849656,-0.001985813779708212,-0.5073173884840327,0.05141074535941303,3.415337742683699,3.453193578992706
159,1.2095489814834466,-0.45837454285228657,-0.0022633587890688272,-0.47527977495133983,0.11204313968287655,3.3830026509580766,3.4180625310279455
160,1.2178044405650594,-0.4372211193658923,-0.0025491272042288318,-0.4440252117513171,0.1756580734840879,3.337392795755651,3.371380254526722
161,1.2257242628784013,-0.41597052797352035,-0.002842229292048713,-0.4138937647423364,0.24229068188642822,3.277837362136294,3.3127376285540926
162,1.2333070468735612,-0.3946267938711076,-0.00314225385375102,-0.3850256961100891,0.311404283592816,3.204425562745051,3.242462120315201
163,1.2405502838624436,-0.3731992490273141,-0.0034487833628637212,-0.3574446605624384,0.3830695652433183,3.1155198122049272,3.1592677438643477
164,1.247446467006836,-0.35168904660314404,-0.0037606565962190297,-0.33159800482403023,0.4570857498775167,3.011558912267164,3.0640449901396933
165,1.2539984469165892,-0.33009749679940936,-0.004076391785018824,-0.30793620223360324,0.5329366242166186,2.8940465569148826,2.9587753587706427
166,1.260204543567403,-0.30842533706649716,-0.004395458749054912,-0.28636192906097074,0.6102361905666952,2.7644301057906127,2.845428820493384
167,1.26606237811521,-0.2866761333320473,-0.004715884853984672,-0.26732919115846465,0.6882907457621723,2.623200147867564,2.7251400079481596
168,1.2715638426196993,-0.26485132852786,-0.0050375303556385465,-0.25102197151371247,0.7668821201367976,2.47115237253856,2.5995603983502855
169,1.2767124134324532,-0.2429534520639653,-0.005359080303997526,-0.2374084973434025,0.8458088103821069,2.3101566161432947,2.471553950340046
170,1.2815029700890308,-0.2209855111885939,-0.005680095225044523,-0.22645977766015168,0.9251151871637437,2.1407163704307792,2.343029816081994
171,1.285931339949242,-0.19894787244552045,-0.005998951006163535,-0.21831138775459802,1.0040692374282343,1.9646076185335544,2.2170922376782474
172,1.2899906373643535,-0.17684094640602246,-0.006315553631172527,-0.21316659019241255,1.0825974031521912,1.7836155425606288,2.097317700337737
173,1.2936807236321584,-0.15466413187606656,-0.00662968494276347,-0.21106677572173405,1.1605058944189457,1.6004038064772432,1.9881185725659158
174,1.2970027796812442,-0.1324207337799847,-0.00693963142007149,-0.21199657498734137,1.237420920223383,1.4161052693452052,1.8924870449966371
175,1.2999552709414657,-0.11011257866869423,-0.007243717708898375,-0.2159432277714913,1.3133530544054166,1.2324431406625191,1.8139580530162491
176,1.3025326815992875,-0.08774079906887396,-0.00754125355471972,-0.22288699562730246,1.3881144147419422,1.0509740155890561,1.7553024305450942
177,1.3047292165928854,-0.06530772646203908,-0.007831802668697554,-0.23275975445208913,1.4609944236545978,0.8732471299708161,1.7179180304207458
178,1.3065412037930906,-0.04281765003431586,-0.008116115219391632,-0.24546955201604911,1.5319572591364845,0.6997521685455222,1.7019992485815294
179,1.3079643396540415,-0.02027254959937248,-0.008393058295676959,-0.2610645408311514,1.600809935164813,0.5319280613824587,1.7069547754664895
180,1.3089991184743985,0.00232426871441371,-0.008660317002773824,-0.27945503786128484,1.6668912686292476,0.3710874968415375,1.730412537498094
181,1.3096424256594412,0.024967315563630108,-0.008918662987193645,-0.3003019226476286,1.7303156358118446,0.21768640418032675,1.7696216586733364
182,1.3098841685635907,0.04765047971222162,-0.009167076609548169,-0.32363945586437437,1.791067529620723,0.07230592693858041,1.821508589088812
183,1.3097204593487517,0.070364304362524,-0.009404863405303492,-0.3491504600219163,1.8489480825086404,-0.06650712040351561,1.8828006406973261
184,1.3091470262169003,0.09310021908335307,-0.009631189172001264,-0.37660479495183646,1.9034166996418056,-0.1989754724654088,1.9504916156443357
185,1.3081563142165238,0.11584819820909506,-0.00984697429485,-0.40574297744719,1.9548869619646285,-0.325561967578807,2.0229189288107396
186,1.3067468170338323,0.1386019739862708,-0.010052058082879473,-0.43615643509390456,2.0033569415212633,-0.44582081207316715,2.098196289076127
187,1.3049141295230073,0.161353176975007,-0.010244837644302972,-0.46781346380767946,2.0482795533112097,-0.5599068735908345,2.1743491606746996
188,1.3026489126814793,0.18409155590397938,-0.010426200788699208,-0.5006555870155921,2.089828660850058,-0.6678160786919672,2.250337344373014
189,1.2999478979248325,0.20681081356408576,-0.010596911794580843,-0.5345960884125026,2.1283072481461356,-0.7681619763284083,2.3249854928868032
190,1.2968138368705535,0.22949889710835342,-0.010758097385687875,-0.5693179402363714,2.163730077904307,-0.8621891810880901,2.397753313226387
191,1.2932429869570001,0.2521438692447781,-0.010910926030665903,-0.6048060156736851,2.1964388664540375,-0.9511244795610767,2.468759159230666
192,1.2892364333106174,0.2747358403039662,-0.011055344645748276,-0.6409705067938877,2.2262999371825853,-1.0351315635813396,2.5374695968230134
193,1.2847906568605039,0.29726443966494026,-0.011191617245304064,-0.6775773676237167,2.253540069925749,-1.1141146934437607,2.6036139279901156
194,1.2799077554632468,0.31972152564279366,-0.011319802377799346,-0.7145008405992437,2.2783701882160687,-1.1880151532175773,2.6669949700071305
195,1.2745880602784796,0.34209712248390195,-0.011439913376915814,-0.7514582599353837,2.300324614739299,-1.2571115240451431,2.726996925830266
196,1.268834381380286,0.36437813195637186,-0.011550765381644474,-0.7885265655471135,2.3193098643870447,-1.323196378371877,2.7842092319639034
197,1.2626459926332227,0.3865564565747019,-0.011653105391723702,-0.8255943307923008,2.3356579219760985,-1.3857953333816986,2.838544104562863
198,1.2560218788031134,0.4086233377803975,-0.011746394634508866,-0.8624246656092885,2.3492220646954594,-1.4445645397271236,2.8895306405262997
199,1.248967334228088,0.43057019434811056,-0.011830654688736418,-0.8988826478487167,2.359872117368025,-1.4993778788506882,2.936855537564174
200,1.2414845337118534,0.4523861817075155,-0.011905727492093829,-0.9350799721257503,2.3673820417084146,-1.5507805186538823,2.9805691575117996
201,1.233579967085515,0.4740629436322747,-0.011969398850944111,-0.9706645025351741,2.3712553472722417,-1.5988157982051745,3.0201412971977826
202,1.2252540177788105,0.49559022665190783,-0.012022444423852757,-1.0052884891615137,2.3716329392974966,-1.643776584973231,3.05569128128281
203,1.2165100671763258,0.5169590089141158,-0.012064137449122627,-1.039023712323553,2.3682957439222387,-1.6860833646112534,3.0872758409104963
204,1.2073512227284549,0.5381598320203497,-0.012096184223412984,-1.0721170416235677,2.361837040415173,-1.7261810745622639,3.1156717186818166
205,1.1977834707223727,0.5591825076402619,-0.012117913351156133,-1.1041434971824193,2.3522346456467855,-1.7645390782698913,3.140977371662018
206,1.1878072844481795,0.5800146061807766,-0.012129858643127081,-1.1351072236163444,2.339752410079397,-1.802219796793207,3.1640015716702323
207,1.177427941994533,0.6006492933833336,-0.012132364984679457,-1.1648459934689455,2.3244828223898426,-1.8389016638688587,3.184595093487673
208,1.166649544123333,0.6210763479809517,-0.01212497776794669,-1.1933319240287132,2.306176850765475,-1.8752905845823673,3.202999769674658
209,1.1554791759261027,0.6412904946083586,-0.012106759455848687,-1.220573210421453,2.2846455792039317,-1.9106776878416925,3.218709929675347
210,1.1439203769405843,0.6612815612276501,-0.012079758954205254,-1.2466429501409473,2.260462499657892,-1.9457171339730825,3.2325878987170875
211,1.1319763878012212,0.681040019382944,-0.012043740554794825,-1.2713614676447413,2.233429174921839,-1.980006104431783,3.244224103601809
212,1.1196537710632823,0.7005614299897474,-0.011999491055277603,-1.2946993829661044,2.204014034156713,-2.0127825790468226,3.253493209694303
213,1.1069558749234922,0.7198385349263176,-0.011946131648972578,-1.3164425821926564,2.1719579130844755,-2.0430265231606044,3.259506039687309
214,1.0938874424179124,0.7388622065519665,-0.011883454032525139,-1.335998552462657,2.1367956244089203,-2.0710086107622114,3.2618804911471924
215,1.0804589200351364,0.7576286312568636,-0.0118108671475719,-1.3534855567394815,2.098541747190796,-2.0967434460342376,3.2606952779265517
216,1.0666783251937237,0.776132497708253,-0.011727725653192828,-1.3689692136252904,2.0574809810883146,-2.12035708962355,3.2562584177105522
217,1.0525592027265045,0.7943673816782476,-0.011633551141260882,-1.3820785833914733,2.013074771476274,-2.1432134633307767,3.248996028871986
218,1.0381082672543442,0.8123280758868878,-0.0115306127447149,-1.3929232776168625,1.965793751012058,-2.1652137106063094,3.239248484053439
219,1.023331920378725,0.8300091996276502,-0.011419459992733987,-1.401430749260897,1.915863749145654,-2.1866279412396716,3.2273648389474725
220,1.0082393805641388,0.8474077767192921,-0.011299105229581842,-1.407344278936922,1.8629671783392765,-2.2071183270427035,3.2128859202582456
221,0.992840711905006,0.8645206905181584,-0.011170572349632478,-1.4107390289964834,1.8075320012933214,-2.227108434364735,3.1964618755824263
222,0.9771476864653477,0.8813465501744292,-0.01103467167023886,-1.4116555413946335,1.7502382630547513,-2.2469631688359724,3.1788282160438435
223,0.9611767508626915,0.8978888231326619,-0.010892179060222782,-1.4100728511139813,1.691173855856817,-2.2669191233269013,3.160268464527584
224,0.9449329869054968,0.9141470365836635,-0.010742502265707794,-1.4059244080257238,1.6303829812263144,-2.2861002260572842,3.1402271176037657
225,0.9284244329421529,0.9301205832557662,-0.010584281497232827,-1.3990833370972793,1.5680167419453257,-2.3044112806970327,3.118721218347006
226,0.9116616010876726,0.9458129989726276,-0.010419004179362434,-1.3897048785284238,1.5040875987378641,-2.321378952118837,3.0955386273511567
227,0.8946532480237513,0.961228385274523,-0.010248093543160391,-1.3781273082367071,1.4389452439249975,-2.335703264912645,3.0700664544022027
228,0.877407473170539,0.9763694476970638,-0.010072028381797354,-1.364113014689739,1.3729681618139356,-2.346891603141259,3.0419970557342118
229,0.8599340921913825,0.9912432751971685,-0.009891332275769767,-1.3478672317580753,1.3067442684897692,-2.354277379676575,3.0111374326215734
230,0.8422348517669621,1.0058490271442941,-0.00970805259779465,-1.3299014863014413,1.2405307531009264,-2.356870627408959,2.9769772701515596
231,0.8243129245131541,1.0201920929848527,-0.0095218618223777,-1.3098769853943064,1.1742292034521933,-2.352588053631036,2.9375606358325808
232,0.806176556362075,1.0342722836832958,-0.009334081234229546,-1.2879473739943794,1.1081608357237391,-2.3426132088120064,2.893901436143159
233,0.7878254933616824,1.0480833253941952,-0.009143754453744579,-1.263924535190336,1.0425391910206154,-2.3266876197156128,2.8456753987775785
234,0.7692580580600411,1.0616193413971475,-0.008952778637271331,-1.238454238239498,0.9779533694732955,-2.304045670170789,2.792631043176006
235,0.750475329007011,1.0748829861296114,-0.008762444996448347,-1.211609447430218,0.9142643936156163,-2.2727529372557873,2.7329988562639937
236,0.7314833853185515,1.087867987437738,-0.008572468572561744,-1.1831773140126878,0.8513765992935953,-2.2344766020012816,2.6678898693743336
237,0.712288411824061,1.1005757533969307,-0.008384364984729132,-1.153737567173334,0.7892751008305344,-2.1891139997607607,2.5973612884322907
238,0.6928921284612579,1.1130018695628017,-0.008199593299173896,-1.1237049512548545,0.7283599555928512,-2.1372772405771667,2.52213699974348
239,0.673296575982865,1.1251457887362832,-0.008018859000984152,-1.0933724166674303,0.668834009056592,-2.077981987031353,2.4414772805878533
240,0.6535017219922121,1.1370023161021479,-0.007843000226716532,-1.0629193269125619,0.6109205773875808,-2.0100580227090226,2.3544329895022993
241,0.6335107565037763,1.1485683747499185,-0.007672656109064589,-1.0325803132731135,0.5547833953701493,-1.9342081256750232,2.2616736706618217
242,0.6133275145199666,1.1598392606577146,-0.007509173739850048,-1.0027625351257161,0.5004239585220747,-1.850999099748456,2.163828668676023
243,0.5929557838980665,1.170804169749738,-0.007354761780873147,-0.9740993654847933,0.4481597075956615,-1.7615626168126604,2.0622365408221177
244,0.5723991536422248,1.1814579701193726,-0.007209513790331093,-0.9467801199379394,0.39800175553798006,-1.6660347078863849,1.9571585630201465
245,0.5516631719200313,1.1917966281619576,-0.007072607897582909,-0.9207146785163179,0.34993750217687225,-1.5651717860924055,1.8493064901862228
246,0.5307514662565723,1.2018089144776,-0.006945821222214556,-0.8964961683191373,0.3042022515975261,-1.4598367834025072,1.7399332814400896
247,0.5096671476589091,1.2114852935256308,-0.006828041138229682,-0.8738944795818029,0.26047103225083,-1.3508004775838824,1.629784847863732
248,0.48841705173244454,1.2208173788474568,-0.006719186243924976,-0.8527949195981294,0.21869919990232972,-1.239509229764772,1.5203524741330074
249,0.4670076325776591,1.2298010326342863,-0.00661975485417313,-0.8336633582370907,0.17895071914579175,-1.1263472366683385,1.4126839888313103
250,0.445443881269532,1.2384253012234387,-0.00652845794498668,-0.8163602125351012,0.14108039032321404,-1.0123361605068244,1.3081177985998833
251,0.42373085944526756,1.2466814975009775,-0.0064429717771497365,-0.80049259171346,0.10476918244923912,-0.8977075615219576,1.2073292164910585
252,0.40187259153221244,1.254568348830163,-0.006362287104106324,-0.7859374777144518,0.0699712056074943,-0.7815685631397941,1.1106048385356164
253,0.37987904857812294,1.2620774978248384,-0.00628623270338943,-0.7729591493365822,0.03688807694796444,-0.665940470915833,1.0209325577958874
254,0.3577585468453333,1.2692079602720008,-0.006212330747737955,-0.7611094367058302,0.00531048988770057,-0.5511064129121376,0.9396989168336829
255,0.335516226191166,1.2759547756178213,-0.006139399545980505,-0.7501234255294276,-0.02501789216759586,-0.4372469153346374,0.8686172421879316
256,0.3131583817059202,1.2823104420494444,-0.0060647793703487805,-0.7391359190587661,-0.05437663660477934,-0.32460191379529457,0.8091014323871036
257,0.29069321067881343,1.2882732648746982,-0.005986666247971648,-0.7276116319763801,-0.08261802109199394,-0.21357634816907764,0.7627970115920273
258,0.2681279943877252,1.293842430006513,-0.005905345821517603,-0.7159927018224699,-0.10951684731055238,-0.10426897536795174,0.731786518140479
259,0.24546971324488506,1.2990167051662747,-0.005819743889069001,-0.7038766064405781,-0.13527341403182297,0.0037030348148120906,0.7167669677830928
260,0.22272435080374503,1.3037908083312622,-0.005729195040555239,-0.6909071385484902,-0.1599775913528266,0.11013542795521704,0.7176874781708216
261,0.19989874447979944,1.3081600831440872,-0.005631431078167405,-0.6767512633634195,-0.18355602303959426,0.2148469596406012,0.7333786894401191
262,0.17700197058850084,1.3121205209874591,-0.005525099320124163,-0.6610486711535951,-0.20621567831547785,0.3169462938639145,0.7615544660831013
263,0.15404262734963026,1.3156712985014722,-0.0054102816380651834,-0.6436890855707972,-0.22770374341552613,0.4160631973511957,0.7995581391234241
264,0.13102796365412359,1.3188126531484505,-0.005286833651032681,-0.6245657154760306,-0.24766475547154318,0.5123178537575936,0.8449199650438214
265,0.1079660222982791,1.321540136232726,-0.005153557418339062,-0.6032841131948008,-0.2662592229022877,0.6052248293279267,0.8950658015189639
266,0.08486154821412947,1.3238525520781503,-0.005012960998831853,-0.5805875875023037,-0.28362039565100405,0.6957363948714539,0.9495112462418256
267,0.061725189582652724,1.3257493399319855,-0.00486467344956046,-0.5564105313019739,-0.2993313324633957,0.7825676496269851,1.0057852912927094
268,0.03856834578362789,1.3272316911976088,-0.00470969571221912,-0.530834008840598,-0.31337305620813843,0.8644153331342439,1.0616973605772009
269,0.015400047779149214,1.328302176972064,-0.004547320417875824,-0.5035337616601221,-0.3259527909506436,0.9403543592277038,1.1153733867986326
270,-0.007774655593529603,1.3289612623476927,-0.004378582407714911,-0.47461426784311184,-0.337152428119557,1.010547197366925,1.1662487303887252
271,-0.03094762137970957,1.3292058528303687,-0.004203542825212968,-0.443837623691008,-0.3468253213025908,1.074454161768045,1.2131493665006787
272,-0.0541097788126509,1.3290418131515493,-0.004021644958727568,-0.4114045685593628,-0.35502027970948674,1.1315194761442926,1.2552407908167946
273,-0.0772549832650578,1.32847142877703,-0.0038342048384433724,-0.37765773327862456,-0.3616677200589792,1.1822777369984032,1.2927527028166965
274,-0.10037187182838726,1.3274877603686464,-0.003643452146375881,-0.3429753980618884,-0.3668499121085131,1.2254775702385232,1.324389012657327
275,-0.12345201612991394,1.3260848313637073,-0.003449647147668372,-0.3074481211973256,-0.3703459939315479,1.2604828178798355,1.3492581060046303
276,-0.1464858746086076,1.3242618118493266,-0.003251688060533193,-0.27059660929357005,-0.372345880710087,1.2866116782829418,1.3664675592698845
277,-0.16946780287806337,1.3220191861004076,-0.0030502749733058217,-0.23255579352428815,-0.3728055846141469,1.3048781640750038,1.3768708087910644
278,-0.19238845630082266,1.3193569554242552,-0.002846526558209511,-0.19361281506857475,-0.3715929401467004,1.3147722421089072,1.3799251008463214
279,-0.21523976686633925,1.3162709628323963,-0.002643197107589362,-0.15462482416054138,-0.36870977171161506,1.3166071368170205,1.3759760480182137
280,-0.23801416756320112,1.3127577394115177,-0.0024390242605046132,-0.1152562122589188,-0.3643420291417046,1.3106862580717453,1.3652573295029335
281,-0.26070316392909904,1.3088226620621735,-0.0022334680338060224,-0.07570551645283485,-0.3587130140541432,1.2968765281237478,1.3476999224128139
282,-0.2832978294297765,1.3044608823517596,-0.0020281511726541255,-0.03630410867027413,-0.35180771955293116,1.2754277799989988,1.3235568298477218
283,-0.3057902514710185,1.2996726016632614,-0.00182484294814879,0.0024643210924972696,-0.3438562922071496,1.2470117275472077,1.2935538145779506
284,-0.32817248668431875,1.294453230784248,-0.001624405304114152,0.0403384076038439,-0.3349194008748988,1.2124112199846164,1.2584669874712648
285,-0.35043474064010643,1.288802592758383,-0.0014278114340860874,0.07733094250674248,-0.3250991056396117,1.171551478627932,1.2182784452792186
286,-0.37256930926001525,1.28272252442029,-0.001235536785728075,0.11340787948469411,-0.31430684832088607,1.124803291195878,1.1733850970230117
287,-0.39457169239597545,1.2762131191051393,-0.001046184971430916,0.14856735328804008,-0.30274533878602056,1.0738108375947004,1.1255206411059318
288,-0.41643124072643556,1.2692723478651577,-0.0008601205845722882,0.1827092878795785,-0.2903790183505629,1.0186128575080529,1.0748371093595623
289,-0.4381392470809392,1.26190269092891,-0.0006771720148410286,0.21538641818367532,-0.2770911671165346,0.9595712541623597,1.0217376453115155
290,-0.4596917966574365,1.2541068492555687,-0.0004977662477810429,0.2464171704910357,-0.2633652871866935,0.8985691603730138,0.9682506041212682
291,-0.4810776930783992,1.2458872298897812,-0.0003212540867298182,0.2761065118678352,-0.2491772431339799,0.8353342453002311,0.9143890888254191
292,-0.5022874800227329,1.2372459250604133,-0.00014839110691972323,0.3042072188813155,-0.23466468279868277,0.7698517525600609,0.8603959938843906
293,-0.5233120430002294,1.228185428814304,2.2482774231925915e-05,0.33128782964781595,-0.2197899554917467,0.7022844664921623,0.8070085021138286
294,-0.5441428589739373,1.2187112503829283,0.00019062744530632062,0.35726917981448164,-0.2045154451667925,0.6326847945280631,0.7548230808501428
295,-0.5647726651661744,1.2088255098314458,0.00035769591335897856,0.38223326746533404,-0.18899119807906287,0.5620507545807193,0.705493440390016
296,-0.5851967054030052,1.1985343544702622,0.0005228992557269022,0.4056931462699884,-0.17302395356623237,0.4913275714934996,0.6602476807591465
297,-0.6054083513916502,1.1878449176910832,0.0006850004364962527,0.42734141250817703,-0.15695664060693434,0.4204248553754934,0.6196879286323099
298,-0.6253987536282305,1.1767619815156012,0.0008441138428582932,0.44735038178095715,-0.14050203450067933,0.34919649032121625,0.5846378149171104
299,-0.6451623508998107,1.1652938837043942,0.000999119002732316,0.4655232066305457,-0.12409586647080915,0.278164253365187,0.5563155505978047
300,-0.6646899548883355,1.1534447694110719,0.0011518278257312824,0.4823285426324395,-0.10746238870986806,0.20713772088542548,0.5358124890656919
301,-0.6839737064119675,1.1412172711804596,0.0013021378420160692,0.4978886317200309,-0.09060241331369681,0.13635516382748572,0.5241131725083152
302,-0.7030039018866511,1.1286180093623377,0.001450282575684657,0.5121291472453704,-0.07346116141064424,0.06490232208949483,0.5214260418378426
303,-0.721777682757815,1.1156591880037088,0.0015958528880969424,0.5252351367574503,-0.05630786064395317,-0.007584959306070048,0.5282992103558277
304,-0.740288243672347,1.102348030422745,0.0017391081255767528,0.5370945070827048,-0.0390172723376246,-0.08115720177022277,0.5445909919180216
305,-0.7585292420242239,1.0886909978664756,0.0018804783358273148,0.5479057293324225,-0.02149267850313452,-0.155849051166828,0.5700452176925385
306,-0.776498369399265,1.0747004733475354,0.0020206945609648795,0.5577236349471768,-0.0036713990504147163,-0.23198208085891206,0.6040569658478494
307,-0.7941938893908701,1.0603865875448315,0.002157856421568233,0.5664103921515147,0.014028440501830977,-0.3095697760611349,0.6456399737707442
308,-0.8116083594714599,1.0457559750581333,0.0022931419071143956,0.5741568610223713,0.03193866165632852,-0.3886945558177037,0.6940890698532732
309,-0.8287375404688101,1.030822070599135,0.002424311748496673,0.5807030229021221,0.04923136273307605,-0.4707918626792722,0.7491893658143026
310,-0.8455800577195804,1.0155923505119004,0.0025528805717112777,0.5860055867231431,0.06610667873928365,-0.5555098461850313,0.8101628415653184
311,-0.8621375132720834,1.000075702938905,0.002679666409220683,0.5904851219720436,0.08270416457264507,-0.6421074144135651,0.8762503008575074
312,-0.8784119384987014,0.9842877607787069,0.002805077730760579,0.5940346745665567,0.09921582888353254,-0.7312809593244853,0.9473609748976263
313,-0.8944066137029448,0.9682364423382246,0.0029275779836442643,0.596627874349339,0.11525313006145067,-0.8217511254730387,1.022019088205195
314,-0.9101202843397468,0.9519286485924776,0.003044644941314621,0.5981925025087759,0.1302970792931718,-0.9132054352723558,1.099434293598765
315,-0.9255521436781514,0.9353713164813303,0.0031565098246808827,0.5987221870853467,0.14430140380486578,-1.0057041000337283,1.1792929615973153
316,-0.9407027008446414,0.9185749311940142,0.0032624151686526043,0.5980339603191823,0.1572355736403342,-1.1000287543561837,1.261915569173892
317,-0.9555732393619032,0.9015459655066047,0.0033614883202948433,0.5960777211180779,0.1688333496105611,-1.1958720100748776,1.3468196664864125
318,-0.9701660233367351,0.8842960463694018,0.0034517808898588734,0.592650935954921,0.17838205928146972,-1.2937028516631193,1.4341277346746448
319,-0.9844744530597114,0.8668239287793325,0.0035336636369790457,0.5878593000269285,0.18593880331826573,-1.392936625675016,1.5232938778694276
320,-0.9985003451853822,0.8491352048423021,0.0036063248602933133,0.5817387471386878,0.19142261421931572,-1.4933083382571666,1.6140112701791856
321,-1.0122424896713236,0.8312336156613652,0.0036686731864630302,0.5742636045993217,0.19463044212305394,-1.5943591125399363,1.7057668880323462
322,-1.025695101937362,0.8131233423428904,0.003718558350263363,0.5651295099906951,0.19477794123738792,-1.6966786851685933,1.7988964311934206
323,-1.0388560641075022,0.794807584135592,0.0037571451885464765,0.5545239439042664,0.19192459305787124,-1.800245767539095,1.8934668408308597
324,-1.0517257566982277,0.7762888509267101,0.003781795219816421,0.5423489258497058,0.18551514352662873,-1.904063675155167,1.988470946454445
325,-1.0643028644051622,0.757569680349044,0.003791807931794279,0.5286862605558945,0.1754433912212303,-2.007403334478402,2.083256511545995
326,-1.0765892527166103,0.7386554475322367,0.0037842114557493883,0.5133144787012595,0.1608732381752817,-2.1099570886713006,2.1774505433739746
327,-1.0885788259753288,0.71954794551284,0.0037595844715883424,0.4962699120146271,0.14166752492542464,-2.2116813392342665,2.2710983817321915
328,-1.100269141349074,0.700249539527758,0.003717041842019868,0.4777365498441466,0.11763103099492139,-2.3118920677582073,2.3636654169897304
329,-1.111660874862816,0.6807605655405354,0.0036559094106870305,0.45778198542135995,0.08875851723483191,-2.4084468410804147,2.453173170990641
330,-1.1227500417359184,0.6610852598690088,0.003576536153662335,0.43659807930829087,0.054791543431700375,-2.5014200351839713,2.5398271965838735
331,-1.1335355977821777,0.6412252962872338,0.0034788300328570266,0.4142981450433778,0.015443575774290905,-2.58965486168477,2.622631075783753
332,-1.1440212102931397,0.6211830925085908,0.003364031779338314,0.3914942846501571,-0.02891659241633947,-2.671251379470632,2.699942198743237
333,-1.1542068907296625,0.6009621596972268,0.003232527284767949,0.3684505390949785,-0.07813084501648332,-2.7453690308217085,2.7710848677182907
334,-1.1640933433987641,0.5805628756222483,0.003084833134628322,0.3454180936315765,-0.13230712514230872,-2.8101296409511707,2.834368965700099
335,-1.1736798333338174,0.5599881117383037,0.0029238113892548945,0.3231105108514788,-0.19064144710679926,-2.8648891906199494,2.8893484798668205
336,-1.1829672625535825,0.5392416761259885,0.002748986020998645,0.3017236428369141,-0.25326231944991173,-2.9087353860285066,2.9352888282133893
337,-1.191948291171001,0.5183237407654753,0.002561755571588877,0.2818150514961236,-0.3197294088058919,-2.9408959671845767,2.9716183651181782
338,-1.2006193352673271,0.49723898856986776,0.002363393577025746,0.26351504474604537,-0.389781613852524,-2.9615188974620272,2.998660378457302
339,-1.2089806123440368,0.47598864896499166,0.002154466069359985,0.24674487754311877,-0.46335664778974744,-2.969508279781058,3.0155533225816087
340,-1.2170238540971756,0.4545743543694673,0.0019359694436464968,0.23183548883546742,-0.5402887014632166,-2.9643422004265303,3.02208276790064
341,-1.2247525574103237,0.4330003413901484,0.0017087729413867096,0.21880842425931893,-0.6203104859473393,-2.945215688894668,3.0177736296174316
342,-1.2321641470898304,0.4112708671647352,0.0014732676858765432,0.20805434470365716,-0.7031490456710662,-2.912097244795275,3.0030010912289775
343,-1.2392583746365695,0.3893853087007157,0.0012298515503833083,0.19973087561652406,-0.7888663105748868,-2.862949449165582,2.9763538141679473
344,-1.246025839285033,0.36734713133137087,0.0009796665331302929,0.19375720781211747,-0.8771920160749594,-2.797931554376503,2.938609989709508
345,-1.2524659182305073,0.3451658098277881,0.0007241756120868623,0.19016728030760055,-0.9676079591667641,-2.718297239059551,2.891637708465782
346,-1.2585741097699827,0.32284889190424465,0.0004638906164751561,0.18942466902670424,-1.0596436109862024,-2.625600206668725,2.837693206250212
347,-1.26434678485041,0.3004013722982297,0.00020076627507775114,0.19152189959839364,-1.152534359661389,-2.520020861258696,2.7776827085549
348,-1.2697742431345356,0.2778280864887269,-6.507512260436853e-05,0.19639660086109537,-1.246092355978381,-2.4024697437997142,2.7135177637764984
349,-1.2748577816387159,0.2551382610418819,-0.0003323356250268239,0.2041834483142482,-1.3400928341200418,-2.2745081668512177,2.647815530904347
350,-1.2795911309538865,0.23233724236838685,-0.0006005922952608628,0.2149225199347252,-1.4344517339889382,-2.13690918102649,2.5826777411582476
351,-1.2839680908702584,0.20943380511011764,-0.0008682370913662314,0.22872819911010284,-1.528381612072099,-1.9913580606845278,2.520669329174595
352,-1.2879799735458168,0.18643650353324018,-0.0011351915965215295,0.24535125739974747,-1.6218223304603663,-1.8394585651199968,2.464571509183868
353,-1.2916245574411374,0.16335745341656377,-0.001401252776718381,0.2647331598618953,-1.714587157853589,-1.6832918603253129,2.4173051637814296
354,-1.2949022139304949,0.14020526963220728,-0.0016647217537181993,0.28689170061666475,-1.806301913904721,-1.524174029251244,2.3807855685681885
355,-1.2978106320067602,0.11698930386823964,-0.0019239373308224436,0.3117500709958117,-1.8967464113168124,-1.3639661177134916,2.3569553720593683
356,-1.3003436308108343,0.09371917704004731,-0.002178222921555208,0.3392587248248222,-1.9855104169317905,-1.2041186925367406,2.34675305983199
357,-1.3024951745215447,0.07040398949671993,-0.0024271554115303066,0.3694106888052268,-2.072163232084049,-1.0462877902824226,2.350540971244415
358,-1.3042617354173582,0.047051749211762486,-0.0026714976461311903,0.4021191480122386,-2.1564967218711626,-0.8913582979382576,2.3678466031275223
359,-1.3056391226937154,0.023673141785616594,-0.002910128889579581,0.43714969836602,-2.2383334011482874,-0.7411403559796932,2.3980252919306895
